-- phpMyAdmin SQL Dump
-- version 5.2.0
-- https://www.phpmyadmin.net/
--
-- Gép: 127.0.0.1
-- Létrehozás ideje: 2023. Máj 03. 14:32
-- Kiszolgáló verziója: 10.4.27-MariaDB
-- PHP verzió: 8.2.0

SET SQL_MODE = "NO_AUTO_VALUE_ON_ZERO";
START TRANSACTION;
SET time_zone = "+00:00";


/*!40101 SET @OLD_CHARACTER_SET_CLIENT=@@CHARACTER_SET_CLIENT */;
/*!40101 SET @OLD_CHARACTER_SET_RESULTS=@@CHARACTER_SET_RESULTS */;
/*!40101 SET @OLD_COLLATION_CONNECTION=@@COLLATION_CONNECTION */;
/*!40101 SET NAMES utf8mb4 */;

--
-- Adatbázis: `maindatabase`
--

-- --------------------------------------------------------

--
-- Tábla szerkezet ehhez a táblához `coinnames`
--

CREATE TABLE `coinnames` (
  `nameId` int(11) NOT NULL,
  `name` varchar(40) DEFAULT NULL
) ENGINE=InnoDB DEFAULT CHARSET=utf8mb4 COLLATE=utf8mb4_general_ci;

--
-- A tábla adatainak kiíratása `coinnames`
--

INSERT INTO `coinnames` (`nameId`, `name`) VALUES
(0, 'BTC'),
(1, 'ETH'),
(2, 'HEX');

-- --------------------------------------------------------

--
-- Tábla szerkezet ehhez a táblához `coins`
--

CREATE TABLE `coins` (
  `id` int(11) NOT NULL,
  `nameId` int(11) NOT NULL,
  `value` double DEFAULT NULL,
  `date` date DEFAULT NULL
) ENGINE=InnoDB DEFAULT CHARSET=utf8mb4 COLLATE=utf8mb4_general_ci;

--
-- A tábla adatainak kiíratása `coins`
--

INSERT INTO `coins` (`id`, `nameId`, `value`, `date`) VALUES
(1, 0, 49255.49291723, '2021-10-04'),
(2, 0, 51539.43756147, '2021-10-05'),
(3, 0, 55349.92002192, '2021-10-06'),
(4, 0, 53816.62297931, '2021-10-07'),
(5, 0, 53997.16762969, '2021-10-08'),
(6, 0, 54986.33751452, '2021-10-09'),
(7, 0, 54748.53128767, '2021-10-10'),
(8, 0, 57552.29444835, '2021-10-11'),
(9, 0, 56066.7952162, '2021-10-12'),
(10, 0, 57347.56169622, '2021-10-13'),
(11, 0, 57434.71169879, '2021-10-14'),
(12, 0, 61658.56047152, '2021-10-15'),
(13, 0, 60904.36859471, '2021-10-16'),
(14, 0, 61591.10850538, '2021-10-17'),
(15, 0, 62084.69934723, '2021-10-18'),
(16, 0, 64339.1947086, '2021-10-19'),
(17, 0, 66003.16340873, '2021-10-20'),
(18, 0, 62309.23308428, '2021-10-21'),
(19, 0, 60740.70028309, '2021-10-22'),
(20, 0, 61368.88432057, '2021-10-23'),
(21, 0, 60959.69845339, '2021-10-24'),
(22, 0, 63097.43100219, '2021-10-25'),
(23, 0, 60400.55573436, '2021-10-26'),
(24, 0, 58550.13829013, '2021-10-27'),
(25, 0, 60699.53915407, '2021-10-28'),
(26, 0, 62403.8758779, '2021-10-29'),
(27, 0, 61996.94511283, '2021-10-30'),
(28, 0, 61421.26018263, '2021-10-31'),
(29, 0, 61022.23912908, '2021-11-01'),
(30, 0, 63342.55386738, '2021-11-02'),
(31, 0, 62914.96409638, '2021-11-03'),
(32, 0, 61611.24892713, '2021-11-04'),
(33, 0, 61062.34380168, '2021-11-05'),
(34, 0, 61612.03680288, '2021-11-06'),
(35, 0, 63433.32749545, '2021-11-07'),
(36, 0, 67599.2900968, '2021-11-08'),
(37, 0, 67019.54644469, '2021-11-09'),
(38, 0, 65118.89575065, '2021-11-10'),
(39, 0, 64902.36970981, '2021-11-11'),
(40, 0, 64265.74336818, '2021-11-12'),
(41, 0, 64517.22525508, '2021-11-13'),
(42, 0, 65629.90801084, '2021-11-14'),
(43, 0, 63721.64893447, '2021-11-15'),
(44, 0, 60246.12718387, '2021-11-16'),
(45, 0, 60469.333608, '2021-11-17'),
(46, 0, 56991.46217841, '2021-11-18'),
(47, 0, 58246.87669558, '2021-11-19'),
(48, 0, 59821.8498431, '2021-11-20'),
(49, 0, 58787.39152057, '2021-11-21'),
(50, 0, 56376.30628326, '2021-11-22'),
(51, 0, 57714.1124616, '2021-11-23'),
(52, 0, 57211.40742071, '2021-11-24'),
(53, 0, 59026.19244266, '2021-11-25'),
(54, 0, 53839.09532911, '2021-11-26'),
(55, 0, 54868.62949625, '2021-11-27'),
(56, 0, 57387.73293589, '2021-11-28'),
(57, 0, 57888.92589691, '2021-11-29'),
(58, 0, 57055.2993951, '2021-11-30'),
(59, 0, 57296.58064759, '2021-12-01'),
(60, 0, 56568.3773247, '2021-12-02'),
(61, 0, 53707.05240021, '2021-12-03'),
(62, 0, 49358.72147811, '2021-12-04'),
(63, 0, 49504.83783897, '2021-12-05'),
(64, 0, 50566.38470201, '2021-12-06'),
(65, 0, 50648.21928336, '2021-12-07'),
(66, 0, 50503.21552815, '2021-12-08'),
(67, 0, 47689.12128641, '2021-12-09'),
(68, 0, 47244.12783313, '2021-12-10'),
(69, 0, 49476.39477085, '2021-12-11'),
(70, 0, 50136.54965419, '2021-12-12'),
(71, 0, 46796.5096743, '2021-12-13'),
(72, 0, 48420.75087486, '2021-12-14'),
(73, 0, 48901.30931682, '2021-12-15'),
(74, 0, 47694.03959867, '2021-12-16'),
(75, 0, 46345.89147348, '2021-12-17'),
(76, 0, 46937.29984212, '2021-12-18'),
(77, 0, 46818.63307202, '2021-12-19'),
(78, 0, 46704.96138519, '2021-12-20'),
(79, 0, 48961.28471027, '2021-12-21'),
(80, 0, 48670.23880935, '2021-12-22'),
(81, 0, 50887.50598774, '2021-12-23'),
(82, 0, 50984.06370828, '2021-12-24'),
(83, 0, 50699.71983501, '2021-12-25'),
(84, 0, 50985.86264435, '2021-12-26'),
(85, 0, 50863.15210853, '2021-12-27'),
(86, 0, 47661.85200447, '2021-12-28'),
(87, 0, 46578.57300069, '2021-12-29'),
(88, 0, 47203.7005997, '2021-12-30'),
(89, 0, 46277.418385, '2021-12-31'),
(90, 0, 47812.95548271, '2022-01-01'),
(91, 0, 47394.35545278, '2022-01-02'),
(92, 0, 46578.55817678, '2022-01-03'),
(93, 0, 45924.04752673, '2022-01-04'),
(94, 0, 43535.83048914, '2022-01-05'),
(95, 0, 43161.04355761, '2022-01-06'),
(96, 0, 41588.25704779, '2022-01-07'),
(97, 0, 41776.89291644, '2022-01-08'),
(98, 0, 41935.53562249, '2022-01-09'),
(99, 0, 41911.28106545, '2022-01-10'),
(100, 0, 42754.15002699, '2022-01-11'),
(101, 0, 43913.1505141, '2022-01-12'),
(102, 0, 42648.49098705, '2022-01-13'),
(103, 0, 43170.25125881, '2022-01-14'),
(104, 0, 43177.73734218, '2022-01-15'),
(105, 0, 43150.34452137, '2022-01-16'),
(106, 0, 42281.84523127, '2022-01-17'),
(107, 0, 42479.04068607, '2022-01-18'),
(108, 0, 41696.87239892, '2022-01-19'),
(109, 0, 40744.11293007, '2022-01-20'),
(110, 0, 36505.74559436, '2022-01-21'),
(111, 0, 35134.14603392, '2022-01-22'),
(112, 0, 36327.97280727, '2022-01-23'),
(113, 0, 36741.38356448, '2022-01-24'),
(114, 0, 37028.09179009, '2022-01-25'),
(115, 0, 36911.68687653, '2022-01-26'),
(116, 0, 37265.73887885, '2022-01-27'),
(117, 0, 37758.50270463, '2022-01-28'),
(118, 0, 38237.09081692, '2022-01-29'),
(119, 0, 37961.83832091, '2022-01-30'),
(120, 0, 38466.45569188, '2022-01-31'),
(121, 0, 38718.57197496, '2022-02-01'),
(122, 0, 36948.27454482, '2022-02-02'),
(123, 0, 37313.00076208, '2022-02-03'),
(124, 0, 41639.97383944, '2022-02-04'),
(125, 0, 41457.66001089, '2022-02-05'),
(126, 0, 42441.39275173, '2022-02-06'),
(127, 0, 43895.79303091, '2022-02-07'),
(128, 0, 44140.55270254, '2022-02-08'),
(129, 0, 44444.27862227, '2022-02-09'),
(130, 0, 43572.69761187, '2022-02-10'),
(131, 0, 42464.86935378, '2022-02-11'),
(132, 0, 42296.9576205, '2022-02-12'),
(133, 0, 42123.41750986, '2022-02-13'),
(134, 0, 42624.10248244, '2022-02-14'),
(135, 0, 44559.63578996, '2022-02-15'),
(136, 0, 43883.99246866, '2022-02-16'),
(137, 0, 40581.35090475, '2022-02-17'),
(138, 0, 40052.16490177, '2022-02-18'),
(139, 0, 40114.25882234, '2022-02-19'),
(140, 0, 38430.99170653, '2022-02-20'),
(141, 0, 37066.23239356, '2022-02-21'),
(142, 0, 38267.29685625, '2022-02-22'),
(143, 0, 37274.60607061, '2022-02-23'),
(144, 0, 38497.65356185, '2022-02-24'),
(145, 0, 39223.88012579, '2022-02-25'),
(146, 0, 39169.25009397, '2022-02-26'),
(147, 0, 37840.58805315, '2022-02-27'),
(148, 0, 43160.51580706, '2022-02-28'),
(149, 0, 44492.36294915, '2022-03-01'),
(150, 0, 43923.84048496, '2022-03-02'),
(151, 0, 42478.59715972, '2022-03-03'),
(152, 0, 39266.86133584, '2022-03-04'),
(153, 0, 39441.72648028, '2022-03-05'),
(154, 0, 38497.64811706, '2022-03-06'),
(155, 0, 38058.53524916, '2022-03-07'),
(156, 0, 38775.52728595, '2022-03-08'),
(157, 0, 41852.58250629, '2022-03-09'),
(158, 0, 39503.77787463, '2022-03-10'),
(159, 0, 38836.63939343, '2022-03-11'),
(160, 0, 38867.22402292, '2022-03-12'),
(161, 0, 37842.86376267, '2022-03-13'),
(162, 0, 39730.17103097, '2022-03-14'),
(163, 0, 39346.02875778, '2022-03-15'),
(164, 0, 41112.09556758, '2022-03-16'),
(165, 0, 40940.69773309, '2022-03-17'),
(166, 0, 41850.27200075, '2022-03-18'),
(167, 0, 42282.10244642, '2022-03-19'),
(168, 0, 41333.29780627, '2022-03-20'),
(169, 0, 41074.39988781, '2022-03-21'),
(170, 0, 42435.23623494, '2022-03-22'),
(171, 0, 42966.94982469, '2022-03-23'),
(172, 0, 44073.26890385, '2022-03-24'),
(173, 0, 44386.95769021, '2022-03-25'),
(174, 0, 44631.49820737, '2022-03-26'),
(175, 0, 46934.86861269, '2022-03-27'),
(176, 0, 47231.64936052, '2022-03-28'),
(177, 0, 47475.06047114, '2022-03-29'),
(178, 0, 47088.13448013, '2022-03-30'),
(179, 0, 45640.06051085, '2022-03-31'),
(180, 0, 46344.18252003, '2022-04-01'),
(181, 0, 45915.28232413, '2022-04-02'),
(182, 0, 46488.65926986, '2022-04-03'),
(183, 0, 46642.64466349, '2022-04-04'),
(184, 0, 45601.22627016, '2022-04-05'),
(185, 0, 43291.02049992, '2022-04-06'),
(186, 0, 43594.96989514, '2022-04-07'),
(187, 0, 42300.5447296, '2022-04-08'),
(188, 0, 42821.83604669, '2022-04-09'),
(189, 0, 42215.43063585, '2022-04-10'),
(190, 0, 39588.84462148, '2022-04-11'),
(191, 0, 40135.10224326, '2022-04-12'),
(192, 0, 41157.44281635, '2022-04-13'),
(193, 0, 40027.43106012, '2022-04-14'),
(194, 0, 40596.27705178, '2022-04-15'),
(195, 0, 40435.24365821, '2022-04-16'),
(196, 0, 39731.46868995, '2022-04-17'),
(197, 0, 40838.96555764, '2022-04-18'),
(198, 0, 41548.33080597, '2022-04-19'),
(199, 0, 41351.32499448, '2022-04-20'),
(200, 0, 40529.27110427, '2022-04-21'),
(201, 0, 39871.22548669, '2022-04-22'),
(202, 0, 39486.40799981, '2022-04-23'),
(203, 0, 39491.38868245, '2022-04-24'),
(204, 0, 40582.99008775, '2022-04-25'),
(205, 0, 38240.37197726, '2022-04-26'),
(206, 0, 39300.00894475, '2022-04-27'),
(207, 0, 39800.50940446, '2022-04-28'),
(208, 0, 38607.97164118, '2022-04-29'),
(209, 0, 37711.32108815, '2022-04-30'),
(210, 0, 38521.65705467, '2022-05-01'),
(211, 0, 38605.53835544, '2022-05-02'),
(212, 0, 37696.24963122, '2022-05-03'),
(213, 0, 39629.52095429, '2022-05-04'),
(214, 0, 36677.60817677, '2022-05-05'),
(215, 0, 36046.58556855, '2022-05-06'),
(216, 0, 35502.78112109, '2022-05-07'),
(217, 0, 34065.00944151, '2022-05-08'),
(218, 0, 30119.30473679, '2022-05-09'),
(219, 0, 31047.11218487, '2022-05-10'),
(220, 0, 29096.23858059, '2022-05-11'),
(221, 0, 29159.4186586, '2022-05-12'),
(222, 0, 29255.21795921, '2022-05-13'),
(223, 0, 30086.89095526, '2022-05-14'),
(224, 0, 31327.38681687, '2022-05-15'),
(225, 0, 29843.93004466, '2022-05-16'),
(226, 0, 30368.9524983, '2022-05-17'),
(227, 0, 28730.61609185, '2022-05-18'),
(228, 0, 30266.26789621, '2022-05-19'),
(229, 0, 29178.17661655, '2022-05-20'),
(230, 0, 29432.74999425, '2022-05-21'),
(231, 0, 30282.56717931, '2022-05-22'),
(232, 0, 29041.15324021, '2022-05-23'),
(233, 0, 29629.40441525, '2022-05-24'),
(234, 0, 29545.56305856, '2022-05-25'),
(235, 0, 29174.59592381, '2022-05-26'),
(236, 0, 28603.13001758, '2022-05-27'),
(237, 0, 29029.88362635, '2022-05-28'),
(238, 0, 29460.70765117, '2022-05-29'),
(239, 0, 31720.17995403, '2022-05-30'),
(240, 0, 31807.47250399, '2022-05-31'),
(241, 0, 29853.58602359, '2022-06-01'),
(242, 0, 30407.94649477, '2022-06-02'),
(243, 0, 29705.59466835, '2022-06-03'),
(244, 0, 29872.42722844, '2022-06-04'),
(245, 0, 29921.4735891, '2022-06-05'),
(246, 0, 31382.64799647, '2022-06-06'),
(247, 0, 31135.01044741, '2022-06-07'),
(248, 0, 30214.46223929, '2022-06-08'),
(249, 0, 30142.81433857, '2022-06-09'),
(250, 0, 29141.12019368, '2022-06-10'),
(251, 0, 28424.70665192, '2022-06-11'),
(252, 0, 26591.94509547, '2022-06-12'),
(253, 0, 22524.35713156, '2022-06-13'),
(254, 0, 22127.43739155, '2022-06-14'),
(255, 0, 22550.09057315, '2022-06-15'),
(256, 0, 20365.83269229, '2022-06-16'),
(257, 0, 20462.44927352, '2022-06-17'),
(258, 0, 18958.94940625, '2022-06-18'),
(259, 0, 20556.27991882, '2022-06-19'),
(260, 0, 20554.73525473, '2022-06-20'),
(261, 0, 20708.14879183, '2022-06-21'),
(262, 0, 19972.52162507, '2022-06-22'),
(263, 0, 21104.28841674, '2022-06-23'),
(264, 0, 21203.77557617, '2022-06-24'),
(265, 0, 21485.48658442, '2022-06-25'),
(266, 0, 21029.66426806, '2022-06-26'),
(267, 0, 20720.44174035, '2022-06-27'),
(268, 0, 20279.77821943, '2022-06-28'),
(269, 0, 20116.71899197, '2022-06-29'),
(270, 0, 19930.9537382, '2022-06-30'),
(271, 0, 19280.30468284, '2022-07-01'),
(272, 0, 19234.99977777, '2022-07-02'),
(273, 0, 19299.47590293, '2022-07-03'),
(274, 0, 20218.86597986, '2022-07-04'),
(275, 0, 20219.3883141, '2022-07-05'),
(276, 0, 20582.85219168, '2022-07-06'),
(277, 0, 21606.75391497, '2022-07-07'),
(278, 0, 21576.58857565, '2022-07-08'),
(279, 0, 21603.31200705, '2022-07-09'),
(280, 0, 20874.89531629, '2022-07-10'),
(281, 0, 20025.88231882, '2022-07-11'),
(282, 0, 19344.56448237, '2022-07-12'),
(283, 0, 20231.2235404, '2022-07-13'),
(284, 0, 20589.45213509, '2022-07-14'),
(285, 0, 20807.71968366, '2022-07-15'),
(286, 0, 21191.94981785, '2022-07-16'),
(287, 0, 20793.67722268, '2022-07-17'),
(288, 0, 22429.83664182, '2022-07-18'),
(289, 0, 23398.48827568, '2022-07-19'),
(290, 0, 23263.10066478, '2022-07-20'),
(291, 0, 23148.41301155, '2022-07-21'),
(292, 0, 22704.5200581, '2022-07-22'),
(293, 0, 22472.81060805, '2022-07-23'),
(294, 0, 22598.9083756, '2022-07-24'),
(295, 0, 21289.94282025, '2022-07-25'),
(296, 0, 21287.56615894, '2022-07-26'),
(297, 0, 22905.48638143, '2022-07-27'),
(298, 0, 23854.51892588, '2022-07-28'),
(299, 0, 23775.30800275, '2022-07-29'),
(300, 0, 23667.73866227, '2022-07-30'),
(301, 0, 23335.51137828, '2022-07-31'),
(302, 0, 23264.26055487, '2022-08-01'),
(303, 0, 23063.6119308, '2022-08-02'),
(304, 0, 22837.60927173, '2022-08-03'),
(305, 0, 22579.41180386, '2022-08-04'),
(306, 0, 23330.79685405, '2022-08-05'),
(307, 0, 22965.44977657, '2022-08-06'),
(308, 0, 23200.04505804, '2022-08-07'),
(309, 0, 23804.11171159, '2022-08-08'),
(310, 0, 23165.10178693, '2022-08-09'),
(311, 0, 23912.66952316, '2022-08-10'),
(312, 0, 23955.69894941, '2022-08-11'),
(313, 0, 24408.42226278, '2022-08-12'),
(314, 0, 24456.62219181, '2022-08-13'),
(315, 0, 24323.60468982, '2022-08-14'),
(316, 0, 24138.44707623, '2022-08-15'),
(317, 0, 23868.76955571, '2022-08-16'),
(318, 0, 23360.78927478, '2022-08-17'),
(319, 0, 23254.0998352, '2022-08-18'),
(320, 0, 20884.69421998, '2022-08-19'),
(321, 0, 21175.96117498, '2022-08-20'),
(322, 0, 21549.74940232, '2022-08-21'),
(323, 0, 21447.38776625, '2022-08-22'),
(324, 0, 21509.14184753, '2022-08-23'),
(325, 0, 21375.43936016, '2022-08-24'),
(326, 0, 21567.53639092, '2022-08-25'),
(327, 0, 20265.25499561, '2022-08-26'),
(328, 0, 20061.30701953, '2022-08-27'),
(329, 0, 19584.02033575, '2022-08-28'),
(330, 0, 20265.42361541, '2022-08-29'),
(331, 0, 19831.37772727, '2022-08-30'),
(332, 0, 20061.08840436, '2022-08-31'),
(333, 0, 20195.14353779, '2022-09-01'),
(334, 0, 19951.42465882, '2022-09-02'),
(335, 0, 19849.3267464, '2022-09-03'),
(336, 0, 20025.43036314, '2022-09-04'),
(337, 0, 19771.76615918, '2022-09-05'),
(338, 0, 18829.99018881, '2022-09-06'),
(339, 0, 19254.01752132, '2022-09-07'),
(340, 0, 19310.06793212, '2022-09-08'),
(341, 0, 21328.06172688, '2022-09-09'),
(342, 0, 21690.87536576, '2022-09-10'),
(343, 0, 21871.71027582, '2022-09-11'),
(344, 0, 22365.19584717, '2022-09-12'),
(345, 0, 20259.80084827, '2022-09-13'),
(346, 0, 20228.21272303, '2022-09-14'),
(347, 0, 19723.55383399, '2022-09-15'),
(348, 0, 19804.42885846, '2022-09-16'),
(349, 0, 20122.25659046, '2022-09-17'),
(350, 0, 19430.49030594, '2022-09-18'),
(351, 0, 19534.06786864, '2022-09-19'),
(352, 0, 18885.7311124, '2022-09-20'),
(353, 0, 18550.2089447, '2022-09-21'),
(354, 0, 19391.60152306, '2022-09-22'),
(355, 0, 19411.43610202, '2022-09-23'),
(356, 0, 18915.5533498, '2022-09-24'),
(357, 0, 18817.56039783, '2022-09-25'),
(358, 0, 19275.57161051, '2022-09-26'),
(359, 0, 19090.61932932, '2022-09-27'),
(360, 0, 19344.13506952, '2022-09-28'),
(361, 0, 19505.38819141, '2022-09-29'),
(362, 0, 19435.07523166, '2022-09-30'),
(363, 0, 19314.07630297, '2022-10-01'),
(364, 0, 19064.58683306, '2022-10-02'),
(365, 0, 19554.72848052, '2022-10-03'),
(366, 1, 3387.72763479, '2021-10-04'),
(367, 1, 3518.38438995, '2021-10-05'),
(368, 1, 3577.19839721, '2021-10-06'),
(369, 1, 3588.69845324, '2021-10-07'),
(370, 1, 3564.26704404, '2021-10-08'),
(371, 1, 3576.40757671, '2021-10-09'),
(372, 1, 3417.60996158, '2021-10-10'),
(373, 1, 3546.1186248, '2021-10-11'),
(374, 1, 3494.44959349, '2021-10-12'),
(375, 1, 3606.70617868, '2021-10-13'),
(376, 1, 3793.57122249, '2021-10-14'),
(377, 1, 3868.07436698, '2021-10-15'),
(378, 1, 3830.9906056, '2021-10-16'),
(379, 1, 3848.8915594, '2021-10-17'),
(380, 1, 3748.35870857, '2021-10-18'),
(381, 1, 3879.33101541, '2021-10-19'),
(382, 1, 4160.10276883, '2021-10-20'),
(383, 1, 4059.07669292, '2021-10-21'),
(384, 1, 3973.51820555, '2021-10-22'),
(385, 1, 4169.87873537, '2021-10-23'),
(386, 1, 4085.0389651, '2021-10-24'),
(387, 1, 4219.43589821, '2021-10-25'),
(388, 1, 4133.92652716, '2021-10-26'),
(389, 1, 3928.2181812, '2021-10-27'),
(390, 1, 4291.47185413, '2021-10-28'),
(391, 1, 4426.84477825, '2021-10-29'),
(392, 1, 4330.02346657, '2021-10-30'),
(393, 1, 4293.8834509, '2021-10-31'),
(394, 1, 4325.19909888, '2021-11-01'),
(395, 1, 4596.56592243, '2021-11-02'),
(396, 1, 4603.06748467, '2021-11-03'),
(397, 1, 4546.54891037, '2021-11-04'),
(398, 1, 4480.87448074, '2021-11-05'),
(399, 1, 4526.52684227, '2021-11-06'),
(400, 1, 4622.95175468, '2021-11-07'),
(401, 1, 4811.45672776, '2021-11-08'),
(402, 1, 4735.85745465, '2021-11-09'),
(403, 1, 4645.59891658, '2021-11-10'),
(404, 1, 4726.77588972, '2021-11-11'),
(405, 1, 4674.5038973, '2021-11-12'),
(406, 1, 4653.52287623, '2021-11-13'),
(407, 1, 4634.6618056, '2021-11-14'),
(408, 1, 4570.76460319, '2021-11-15'),
(409, 1, 4220.0453596, '2021-11-16'),
(410, 1, 4296.43669953, '2021-11-17'),
(411, 1, 4003.84616282, '2021-11-18'),
(412, 1, 4307.04164426, '2021-11-19'),
(413, 1, 4419.43024089, '2021-11-20'),
(414, 1, 4269.00960676, '2021-11-21'),
(415, 1, 4096.19496828, '2021-11-22'),
(416, 1, 4352.98097724, '2021-11-23'),
(417, 1, 4274.46334769, '2021-11-24'),
(418, 1, 4528.8060815, '2021-11-25'),
(419, 1, 4048.42547055, '2021-11-26'),
(420, 1, 4105.18929352, '2021-11-27'),
(421, 1, 4302.62992737, '2021-11-28'),
(422, 1, 4452.68583198, '2021-11-29'),
(423, 1, 4637.47099682, '2021-11-30'),
(424, 1, 4591.84219928, '2021-12-01'),
(425, 1, 4518.90945576, '2021-12-02'),
(426, 1, 4224.51267639, '2021-12-03'),
(427, 1, 4134.65316167, '2021-12-04'),
(428, 1, 4205.9369451, '2021-12-05'),
(429, 1, 4358.3802536, '2021-12-06'),
(430, 1, 4312.05567509, '2021-12-07'),
(431, 1, 4439.75253427, '2021-12-08'),
(432, 1, 4116.05449242, '2021-12-09'),
(433, 1, 3906.12931729, '2021-12-10'),
(434, 1, 4096.0934521, '2021-12-11'),
(435, 1, 4135.26748654, '2021-12-12'),
(436, 1, 3789.68993804, '2021-12-13'),
(437, 1, 3864.83574683, '2021-12-14'),
(438, 1, 4022.06552302, '2021-12-15'),
(439, 1, 3963.52813311, '2021-12-16'),
(440, 1, 3889.98654064, '2021-12-17'),
(441, 1, 3966.06534619, '2021-12-18'),
(442, 1, 3934.00986272, '2021-12-19'),
(443, 1, 3923.64639757, '2021-12-20'),
(444, 1, 4018.88319294, '2021-12-21'),
(445, 1, 3984.40023915, '2021-12-22'),
(446, 1, 4113.83613143, '2021-12-23'),
(447, 1, 4057.22626942, '2021-12-24'),
(448, 1, 4115.70247879, '2021-12-25'),
(449, 1, 4078.51845131, '2021-12-26'),
(450, 1, 4048.92713652, '2021-12-27'),
(451, 1, 3801.19599949, '2021-12-28'),
(452, 1, 3638.16966659, '2021-12-29'),
(453, 1, 3714.99940652, '2021-12-30'),
(454, 1, 3680.39058875, '2021-12-31'),
(455, 1, 3770.85291863, '2022-01-01'),
(456, 1, 3835.35196473, '2022-01-02'),
(457, 1, 3774.18814676, '2022-01-03'),
(458, 1, 3791.25282638, '2022-01-04'),
(459, 1, 3545.34434883, '2022-01-05'),
(460, 1, 3410.64043413, '2022-01-06'),
(461, 1, 3198.24209588, '2022-01-07'),
(462, 1, 3086.19416268, '2022-01-08'),
(463, 1, 3154.96641213, '2022-01-09'),
(464, 1, 3087.17400049, '2022-01-10'),
(465, 1, 3240.26078218, '2022-01-11'),
(466, 1, 3370.93856186, '2022-01-12'),
(467, 1, 3246.60991143, '2022-01-13'),
(468, 1, 3314.99784997, '2022-01-14'),
(469, 1, 3332.70913267, '2022-01-15'),
(470, 1, 3352.01227318, '2022-01-16'),
(471, 1, 3214.68810389, '2022-01-17'),
(472, 1, 3168.81398063, '2022-01-18'),
(473, 1, 3085.68360146, '2022-01-19'),
(474, 1, 3005.692676, '2022-01-20'),
(475, 1, 2571.97938949, '2022-01-21'),
(476, 1, 2415.64227933, '2022-01-22'),
(477, 1, 2543.55905079, '2022-01-23'),
(478, 1, 2444.08201986, '2022-01-24'),
(479, 1, 2462.59169642, '2022-01-25'),
(480, 1, 2469.43322114, '2022-01-26'),
(481, 1, 2430.97675979, '2022-01-27'),
(482, 1, 2547.32872043, '2022-01-28'),
(483, 1, 2604.91929948, '2022-01-29'),
(484, 1, 2606.62452816, '2022-01-30'),
(485, 1, 2685.96568113, '2022-01-31'),
(486, 1, 2788.80615821, '2022-02-01'),
(487, 1, 2682.19689646, '2022-02-02'),
(488, 1, 2694.95691771, '2022-02-03'),
(489, 1, 2998.96228224, '2022-02-04'),
(490, 1, 3017.54593145, '2022-02-05'),
(491, 1, 3058.62641926, '2022-02-06'),
(492, 1, 3142.49992611, '2022-02-07'),
(493, 1, 3122.46375773, '2022-02-08'),
(494, 1, 3246.82842876, '2022-02-09'),
(495, 1, 3077.62926947, '2022-02-10'),
(496, 1, 2933.05319505, '2022-02-11'),
(497, 1, 2922.72492112, '2022-02-12'),
(498, 1, 2875.81126729, '2022-02-13'),
(499, 1, 2936.39025123, '2022-02-14'),
(500, 1, 3183.71873275, '2022-02-15'),
(501, 1, 3121.9513132, '2022-02-16'),
(502, 1, 2895.82959784, '2022-02-17'),
(503, 1, 2783.68056274, '2022-02-18'),
(504, 1, 2766.10922544, '2022-02-19'),
(505, 1, 2627.07270068, '2022-02-20'),
(506, 1, 2572.31355275, '2022-02-21'),
(507, 1, 2639.38924123, '2022-02-22'),
(508, 1, 2579.38571806, '2022-02-23'),
(509, 1, 2608.26561616, '2022-02-24'),
(510, 1, 2767.93250294, '2022-02-25'),
(511, 1, 2783.1049131, '2022-02-26'),
(512, 1, 2626.01616108, '2022-02-27'),
(513, 1, 2920.34034953, '2022-02-28'),
(514, 1, 2980.5200284, '2022-03-01'),
(515, 1, 2948.30364628, '2022-03-02'),
(516, 1, 2834.57668249, '2022-03-03'),
(517, 1, 2629.94564929, '2022-03-04'),
(518, 1, 2668.11831123, '2022-03-05'),
(519, 1, 2556.56433953, '2022-03-06'),
(520, 1, 2496.23098979, '2022-03-07'),
(521, 1, 2578.07433099, '2022-03-08'),
(522, 1, 2721.53832522, '2022-03-09'),
(523, 1, 2611.97665421, '2022-03-10'),
(524, 1, 2562.97733093, '2022-03-11'),
(525, 1, 2571.86137594, '2022-03-12'),
(526, 1, 2518.72860177, '2022-03-13'),
(527, 1, 2592.72825608, '2022-03-14'),
(528, 1, 2620.79571104, '2022-03-15'),
(529, 1, 2773.02723518, '2022-03-16'),
(530, 1, 2814.08247579, '2022-03-17'),
(531, 1, 2943.50186221, '2022-03-18'),
(532, 1, 2954.23696669, '2022-03-19'),
(533, 1, 2867.8288692, '2022-03-20'),
(534, 1, 2894.87112446, '2022-03-21'),
(535, 1, 2974.07403422, '2022-03-22'),
(536, 1, 3040.98675131, '2022-03-23'),
(537, 1, 3115.49939043, '2022-03-24'),
(538, 1, 3108.17357478, '2022-03-25'),
(539, 1, 3152.38533704, '2022-03-26'),
(540, 1, 3303.40008691, '2022-03-27'),
(541, 1, 3341.78031802, '2022-03-28'),
(542, 1, 3403.92572643, '2022-03-29'),
(543, 1, 3388.92809016, '2022-03-30'),
(544, 1, 3295.67716227, '2022-03-31'),
(545, 1, 3460.42229855, '2022-04-01'),
(546, 1, 3452.48847581, '2022-04-02'),
(547, 1, 3525.64087333, '2022-04-03'),
(548, 1, 3523.91194395, '2022-04-04'),
(549, 1, 3410.89124453, '2022-04-05'),
(550, 1, 3176.9738029, '2022-04-06'),
(551, 1, 3235.32779908, '2022-04-07'),
(552, 1, 3196.21940092, '2022-04-08'),
(553, 1, 3264.66848845, '2022-04-09'),
(554, 1, 3206.59404624, '2022-04-10'),
(555, 1, 2983.46971732, '2022-04-11'),
(556, 1, 3032.2760607, '2022-04-12'),
(557, 1, 3119.07426854, '2022-04-13'),
(558, 1, 3027.48912236, '2022-04-14'),
(559, 1, 3044.15926085, '2022-04-15'),
(560, 1, 3063.57995777, '2022-04-16'),
(561, 1, 2992.26755208, '2022-04-17'),
(562, 1, 3058.62803981, '2022-04-18'),
(563, 1, 3105.97724572, '2022-04-19'),
(564, 1, 3075.98714751, '2022-04-20'),
(565, 1, 2987.68875897, '2022-04-21'),
(566, 1, 2974.41657208, '2022-04-22'),
(567, 1, 2936.17938663, '2022-04-23'),
(568, 1, 2924.11732676, '2022-04-24'),
(569, 1, 3017.20071436, '2022-04-25'),
(570, 1, 2818.8141837, '2022-04-26'),
(571, 1, 2893.88157515, '2022-04-27'),
(572, 1, 2940.56613062, '2022-04-28'),
(573, 1, 2818.02653615, '2022-04-29'),
(574, 1, 2732.23619694, '2022-04-30'),
(575, 1, 2828.98682991, '2022-05-01'),
(576, 1, 2862.07656624, '2022-05-02'),
(577, 1, 2779.21656676, '2022-05-03'),
(578, 1, 2936.07863561, '2022-05-04'),
(579, 1, 2757.48647607, '2022-05-05'),
(580, 1, 2695.46969882, '2022-05-06'),
(581, 1, 2638.16023299, '2022-05-07'),
(582, 1, 2521.53556553, '2022-05-08'),
(583, 1, 2232.12204412, '2022-05-09'),
(584, 1, 2344.20580885, '2022-05-10'),
(585, 1, 2084.74469369, '2022-05-11'),
(586, 1, 1968.53152236, '2022-05-12'),
(587, 1, 2007.3402224, '2022-05-13'),
(588, 1, 2056.41962598, '2022-05-14'),
(589, 1, 2145.32654661, '2022-05-15'),
(590, 1, 2021.29996154, '2022-05-16'),
(591, 1, 2085.7326335, '2022-05-17'),
(592, 1, 1916.22207882, '2022-05-18'),
(593, 1, 2016.25878361, '2022-05-19'),
(594, 1, 1957.96710885, '2022-05-20'),
(595, 1, 1974.27827495, '2022-05-21'),
(596, 1, 2042.42903234, '2022-05-22'),
(597, 1, 1968.80590774, '2022-05-23'),
(598, 1, 1977.61685888, '2022-05-24'),
(599, 1, 1942.90637681, '2022-05-25'),
(600, 1, 1790.65046479, '2022-05-26'),
(601, 1, 1725.9220794, '2022-05-27'),
(602, 1, 1792.23988721, '2022-05-28'),
(603, 1, 1813.01029035, '2022-05-29'),
(604, 1, 1997.70288487, '2022-05-30'),
(605, 1, 1942.51905619, '2022-05-31'),
(606, 1, 1820.55601296, '2022-06-01'),
(607, 1, 1831.63704341, '2022-06-02'),
(608, 1, 1775.32869491, '2022-06-03'),
(609, 1, 1804.74141232, '2022-06-04'),
(610, 1, 1806.21649865, '2022-06-05'),
(611, 1, 1860.35971136, '2022-06-06'),
(612, 1, 1813.97444489, '2022-06-07'),
(613, 1, 1792.51691626, '2022-06-08'),
(614, 1, 1790.63151924, '2022-06-09'),
(615, 1, 1665.35552598, '2022-06-10'),
(616, 1, 1532.80049792, '2022-06-11'),
(617, 1, 1435.80076916, '2022-06-12'),
(618, 1, 1211.49767865, '2022-06-13'),
(619, 1, 1208.23005029, '2022-06-14'),
(620, 1, 1235.65235901, '2022-06-15'),
(621, 1, 1066.62599549, '2022-06-16'),
(622, 1, 1086.32822798, '2022-06-17'),
(623, 1, 994.41981553, '2022-06-18'),
(624, 1, 1127.26302215, '2022-06-19'),
(625, 1, 1127.07126811, '2022-06-20'),
(626, 1, 1125.15651218, '2022-06-21'),
(627, 1, 1049.23739792, '2022-06-22'),
(628, 1, 1144.24961932, '2022-06-23'),
(629, 1, 1222.44071516, '2022-06-24'),
(630, 1, 1241.5831121, '2022-06-25'),
(631, 1, 1197.21734963, '2022-06-26'),
(632, 1, 1191.19663862, '2022-06-27'),
(633, 1, 1143.94504047, '2022-06-28'),
(634, 1, 1099.888265, '2022-06-29'),
(635, 1, 1070.22754809, '2022-06-30'),
(636, 1, 1059.47193295, '2022-07-01'),
(637, 1, 1065.80745308, '2022-07-02'),
(638, 1, 1073.23335429, '2022-07-03'),
(639, 1, 1149.69438372, '2022-07-04'),
(640, 1, 1134.73438085, '2022-07-05'),
(641, 1, 1187.52062297, '2022-07-06'),
(642, 1, 1236.63142089, '2022-07-07'),
(643, 1, 1213.21771515, '2022-07-08'),
(644, 1, 1217.40308861, '2022-07-09'),
(645, 1, 1168.69606527, '2022-07-10'),
(646, 1, 1099.65848682, '2022-07-11'),
(647, 1, 1039.04011172, '2022-07-12'),
(648, 1, 1114.54533288, '2022-07-13'),
(649, 1, 1193.08488928, '2022-07-14'),
(650, 1, 1229.76963722, '2022-07-15'),
(651, 1, 1355.21262408, '2022-07-16'),
(652, 1, 1337.97331619, '2022-07-17'),
(653, 1, 1580.35861629, '2022-07-18'),
(654, 1, 1542.44410526, '2022-07-19'),
(655, 1, 1524.01346686, '2022-07-20'),
(656, 1, 1575.12524933, '2022-07-21'),
(657, 1, 1536.46213031, '2022-07-22'),
(658, 1, 1550.14698045, '2022-07-23'),
(659, 1, 1598.81332959, '2022-07-24'),
(660, 1, 1439.10170398, '2022-07-25'),
(661, 1, 1451.06113203, '2022-07-26'),
(662, 1, 1633.02988671, '2022-07-27'),
(663, 1, 1725.11828685, '2022-07-28'),
(664, 1, 1722.11252265, '2022-07-29'),
(665, 1, 1698.14048531, '2022-07-30'),
(666, 1, 1680.58369598, '2022-07-31'),
(667, 1, 1630.10981945, '2022-08-01'),
(668, 1, 1635.22793353, '2022-08-02'),
(669, 1, 1618.89033124, '2022-08-03'),
(670, 1, 1605.02902804, '2022-08-04'),
(671, 1, 1737.18805487, '2022-08-05'),
(672, 1, 1689.90263555, '2022-08-06'),
(673, 1, 1700.46766456, '2022-08-07'),
(674, 1, 1775.60148976, '2022-08-08'),
(675, 1, 1702.46406089, '2022-08-09'),
(676, 1, 1849.6265509, '2022-08-10'),
(677, 1, 1880.66833876, '2022-08-11'),
(678, 1, 1958.10064704, '2022-08-12'),
(679, 1, 1983.41025428, '2022-08-13'),
(680, 1, 1935.35955717, '2022-08-14'),
(681, 1, 1901.3941973, '2022-08-15'),
(682, 1, 1876.6578428, '2022-08-16'),
(683, 1, 1834.4571205, '2022-08-17'),
(684, 1, 1849.51477926, '2022-08-18'),
(685, 1, 1611.21188767, '2022-08-19'),
(686, 1, 1576.74409147, '2022-08-20'),
(687, 1, 1619.15387076, '2022-08-21'),
(688, 1, 1626.63071037, '2022-08-22'),
(689, 1, 1663.00718562, '2022-08-23'),
(690, 1, 1656.23696969, '2022-08-24'),
(691, 1, 1694.71078798, '2022-08-25'),
(692, 1, 1508.46599939, '2022-08-26'),
(693, 1, 1491.14548122, '2022-08-27'),
(694, 1, 1427.13131757, '2022-08-28'),
(695, 1, 1549.39214057, '2022-08-29'),
(696, 1, 1524.64059613, '2022-08-30'),
(697, 1, 1553.60940711, '2022-08-31'),
(698, 1, 1588.71674485, '2022-09-01'),
(699, 1, 1574.06029464, '2022-09-02'),
(700, 1, 1557.19907931, '2022-09-03'),
(701, 1, 1579.43562991, '2022-09-04'),
(702, 1, 1615.15444895, '2022-09-05'),
(703, 1, 1560.32197939, '2022-09-06'),
(704, 1, 1626.1706242, '2022-09-07'),
(705, 1, 1633.65747927, '2022-09-08'),
(706, 1, 1715.45953418, '2022-09-09'),
(707, 1, 1776.10875559, '2022-09-10'),
(708, 1, 1767.57881667, '2022-09-11'),
(709, 1, 1712.62388476, '2022-09-12'),
(710, 1, 1576.55420612, '2022-09-13'),
(711, 1, 1634.19979747, '2022-09-14'),
(712, 1, 1473.49483349, '2022-09-15'),
(713, 1, 1434.03092389, '2022-09-16'),
(714, 1, 1468.97445273, '2022-09-17'),
(715, 1, 1335.10003721, '2022-09-18'),
(716, 1, 1375.46014658, '2022-09-19'),
(717, 1, 1323.58043191, '2022-09-20'),
(718, 1, 1250.33905599, '2022-09-21'),
(719, 1, 1325.45370489, '2022-09-22'),
(720, 1, 1333.08028349, '2022-09-23'),
(721, 1, 1316.44424188, '2022-09-24'),
(722, 1, 1295.08408211, '2022-09-25'),
(723, 1, 1338.74789059, '2022-09-26'),
(724, 1, 1328.3276291, '2022-09-27'),
(725, 1, 1333.22266243, '2022-09-28'),
(726, 1, 1331.16521713, '2022-09-29'),
(727, 1, 1329.04272345, '2022-09-30'),
(728, 1, 1311.51662531, '2022-10-01'),
(729, 1, 1276.5052546, '2022-10-02'),
(730, 1, 1319.35997399, '2022-10-03'),
(731, 2, 0.41194386, '2021-10-04'),
(732, 2, 0.38674545, '2021-10-05'),
(733, 2, 0.37949246, '2021-10-06'),
(734, 2, 0.38444803, '2021-10-07'),
(735, 2, 0.40678853, '2021-10-08'),
(736, 2, 0.42956655, '2021-10-09'),
(737, 2, 0.42250427, '2021-10-10'),
(738, 2, 0.40220434, '2021-10-11'),
(739, 2, 0.38429892, '2021-10-12'),
(740, 2, 0.36835692, '2021-10-13'),
(741, 2, 0.37010609, '2021-10-14'),
(742, 2, 0.33086386, '2021-10-15'),
(743, 2, 0.29396106, '2021-10-16'),
(744, 2, 0.28557016, '2021-10-17'),
(745, 2, 0.26976617, '2021-10-18'),
(746, 2, 0.32191141, '2021-10-19'),
(747, 2, 0.30067603, '2021-10-20'),
(748, 2, 0.28402568, '2021-10-21'),
(749, 2, 0.31214732, '2021-10-22'),
(750, 2, 0.3328552, '2021-10-23'),
(751, 2, 0.32173328, '2021-10-24'),
(752, 2, 0.30207866, '2021-10-25'),
(753, 2, 0.28080235, '2021-10-26'),
(754, 2, 0.25189754, '2021-10-27'),
(755, 2, 0.25044773, '2021-10-28'),
(756, 2, 0.22614099, '2021-10-29'),
(757, 2, 0.21671154, '2021-10-30'),
(758, 2, 0.23258777, '2021-10-31'),
(759, 2, 0.22234694, '2021-11-01'),
(760, 2, 0.22883409, '2021-11-02'),
(761, 2, 0.22285903, '2021-11-03'),
(762, 2, 0.20635357, '2021-11-04'),
(763, 2, 0.20907286, '2021-11-05'),
(764, 2, 0.19178561, '2021-11-06'),
(765, 2, 0.17796246, '2021-11-07'),
(766, 2, 0.16851267, '2021-11-08'),
(767, 2, 0.18688858, '2021-11-09'),
(768, 2, 0.18357674, '2021-11-10'),
(769, 2, 0.24098773, '2021-11-11'),
(770, 2, 0.275016, '2021-11-12'),
(771, 2, 0.25014608, '2021-11-13'),
(772, 2, 0.24573949, '2021-11-14'),
(773, 2, 0.23372113, '2021-11-15'),
(774, 2, 0.2071468, '2021-11-16'),
(775, 2, 0.2058347, '2021-11-17'),
(776, 2, 0.22005632, '2021-11-18'),
(777, 2, 0.20440907, '2021-11-19'),
(778, 2, 0.21232512, '2021-11-20'),
(779, 2, 0.19129383, '2021-11-21'),
(780, 2, 0.1867104, '2021-11-22'),
(781, 2, 0.18215101, '2021-11-23'),
(782, 2, 0.17555391, '2021-11-24'),
(783, 2, 0.20674743, '2021-11-25'),
(784, 2, 0.19126589, '2021-11-26'),
(785, 2, 0.18356138, '2021-11-27'),
(786, 2, 0.17242184, '2021-11-28'),
(787, 2, 0.18293829, '2021-11-29'),
(788, 2, 0.17165926, '2021-11-30'),
(789, 2, 0.18025051, '2021-12-01'),
(790, 2, 0.1805871, '2021-12-02'),
(791, 2, 0.17300911, '2021-12-03'),
(792, 2, 0.16699433, '2021-12-04'),
(793, 2, 0.1551239, '2021-12-05'),
(794, 2, 0.14259428, '2021-12-06'),
(795, 2, 0.13473757, '2021-12-07'),
(796, 2, 0.13253039, '2021-12-08'),
(797, 2, 0.14060489, '2021-12-09'),
(798, 2, 0.13483238, '2021-12-10'),
(799, 2, 0.16148819, '2021-12-11'),
(800, 2, 0.15427606, '2021-12-12'),
(801, 2, 0.16310136, '2021-12-13'),
(802, 2, 0.19362468, '2021-12-14'),
(803, 2, 0.22090537, '2021-12-15'),
(804, 2, 0.23103947, '2021-12-16'),
(805, 2, 0.19603636, '2021-12-17'),
(806, 2, 0.22230855, '2021-12-18'),
(807, 2, 0.24139183, '2021-12-19'),
(808, 2, 0.2754945, '2021-12-20'),
(809, 2, 0.29790982, '2021-12-21'),
(810, 2, 0.27525465, '2021-12-22'),
(811, 2, 0.29436552, '2021-12-23'),
(812, 2, 0.30786979, '2021-12-24'),
(813, 2, 0.30454638, '2021-12-25'),
(814, 2, 0.28750648, '2021-12-26'),
(815, 2, 0.29893101, '2021-12-27'),
(816, 2, 0.29027704, '2021-12-28'),
(817, 2, 0.33302042, '2021-12-29'),
(818, 2, 0.31595349, '2021-12-30'),
(819, 2, 0.28408038, '2021-12-31'),
(820, 2, 0.2494095, '2022-01-01'),
(821, 2, 0.21618207, '2022-01-02'),
(822, 2, 0.24565497, '2022-01-03'),
(823, 2, 0.24204807, '2022-01-04'),
(824, 2, 0.19868006, '2022-01-05'),
(825, 2, 0.21262326, '2022-01-06'),
(826, 2, 0.22348055, '2022-01-07'),
(827, 2, 0.25128897, '2022-01-08'),
(828, 2, 0.24148912, '2022-01-09'),
(829, 2, 0.23338967, '2022-01-10'),
(830, 2, 0.22844312, '2022-01-11'),
(831, 2, 0.22705346, '2022-01-12'),
(832, 2, 0.24301469, '2022-01-13'),
(833, 2, 0.24608972, '2022-01-14'),
(834, 2, 0.24886581, '2022-01-15'),
(835, 2, 0.23714092, '2022-01-16'),
(836, 2, 0.210155, '2022-01-17'),
(837, 2, 0.2039218, '2022-01-18'),
(838, 2, 0.2098689, '2022-01-19'),
(839, 2, 0.21210353, '2022-01-20'),
(840, 2, 0.17846067, '2022-01-21'),
(841, 2, 0.1773035, '2022-01-22'),
(842, 2, 0.19312424, '2022-01-23'),
(843, 2, 0.18342771, '2022-01-24'),
(844, 2, 0.19241309, '2022-01-25'),
(845, 2, 0.18355324, '2022-01-26'),
(846, 2, 0.1860818, '2022-01-27'),
(847, 2, 0.18326195, '2022-01-28'),
(848, 2, 0.18037109, '2022-01-29'),
(849, 2, 0.18689091, '2022-01-30'),
(850, 2, 0.179913, '2022-01-31'),
(851, 2, 0.18065749, '2022-02-01'),
(852, 2, 0.18160322, '2022-02-02'),
(853, 2, 0.18701178, '2022-02-03'),
(854, 2, 0.19661678, '2022-02-04'),
(855, 2, 0.20767127, '2022-02-05'),
(856, 2, 0.20940424, '2022-02-06'),
(857, 2, 0.21712122, '2022-02-07'),
(858, 2, 0.20695473, '2022-02-08'),
(859, 2, 0.2029573, '2022-02-09'),
(860, 2, 0.20774128, '2022-02-10'),
(861, 2, 0.20672498, '2022-02-11'),
(862, 2, 0.20777711, '2022-02-12'),
(863, 2, 0.20109004, '2022-02-13'),
(864, 2, 0.19880575, '2022-02-14'),
(865, 2, 0.2028802, '2022-02-15'),
(866, 2, 0.19505816, '2022-02-16'),
(867, 2, 0.18780552, '2022-02-17'),
(868, 2, 0.17348899, '2022-02-18'),
(869, 2, 0.17822894, '2022-02-19'),
(870, 2, 0.15805182, '2022-02-20'),
(871, 2, 0.16045148, '2022-02-21'),
(872, 2, 0.14672318, '2022-02-22'),
(873, 2, 0.14998045, '2022-02-23'),
(874, 2, 0.13681642, '2022-02-24'),
(875, 2, 0.15778377, '2022-02-25'),
(876, 2, 0.15766266, '2022-02-26'),
(877, 2, 0.14022826, '2022-02-27'),
(878, 2, 0.14544696, '2022-02-28'),
(879, 2, 0.14186943, '2022-03-01'),
(880, 2, 0.12675844, '2022-03-02'),
(881, 2, 0.12525184, '2022-03-03'),
(882, 2, 0.11733187, '2022-03-04'),
(883, 2, 0.11435812, '2022-03-05'),
(884, 2, 0.11635748, '2022-03-06'),
(885, 2, 0.11179602, '2022-03-07'),
(886, 2, 0.10855615, '2022-03-08'),
(887, 2, 0.13640156, '2022-03-09'),
(888, 2, 0.13947601, '2022-03-10'),
(889, 2, 0.12226126, '2022-03-11'),
(890, 2, 0.12734356, '2022-03-12'),
(891, 2, 0.11927967, '2022-03-13'),
(892, 2, 0.10999683, '2022-03-14'),
(893, 2, 0.1058311, '2022-03-15'),
(894, 2, 0.11592313, '2022-03-16'),
(895, 2, 0.11703751, '2022-03-17'),
(896, 2, 0.11749754, '2022-03-18'),
(897, 2, 0.1211366, '2022-03-19'),
(898, 2, 0.11622239, '2022-03-20'),
(899, 2, 0.11691521, '2022-03-21'),
(900, 2, 0.11539126, '2022-03-22'),
(901, 2, 0.12105835, '2022-03-23'),
(902, 2, 0.13833977, '2022-03-24'),
(903, 2, 0.13940742, '2022-03-25'),
(904, 2, 0.14796186, '2022-03-26'),
(905, 2, 0.15821026, '2022-03-27'),
(906, 2, 0.15987788, '2022-03-28'),
(907, 2, 0.14830195, '2022-03-29'),
(908, 2, 0.15841108, '2022-03-30'),
(909, 2, 0.15647492, '2022-03-31'),
(910, 2, 0.15550857, '2022-04-01'),
(911, 2, 0.1555757, '2022-04-02'),
(912, 2, 0.15865278, '2022-04-03'),
(913, 2, 0.14893305, '2022-04-04'),
(914, 2, 0.14611387, '2022-04-05'),
(915, 2, 0.12975431, '2022-04-06'),
(916, 2, 0.13408023, '2022-04-07'),
(917, 2, 0.13095909, '2022-04-08'),
(918, 2, 0.13724095, '2022-04-09'),
(919, 2, 0.13249294, '2022-04-10'),
(920, 2, 0.11973387, '2022-04-11'),
(921, 2, 0.11894375, '2022-04-12'),
(922, 2, 0.12014424, '2022-04-13'),
(923, 2, 0.12076892, '2022-04-14'),
(924, 2, 0.13449344, '2022-04-15'),
(925, 2, 0.13655555, '2022-04-16'),
(926, 2, 0.12850157, '2022-04-17'),
(927, 2, 0.12086018, '2022-04-18'),
(928, 2, 0.12315084, '2022-04-19'),
(929, 2, 0.13062684, '2022-04-20'),
(930, 2, 0.13006886, '2022-04-21'),
(931, 2, 0.12690555, '2022-04-22'),
(932, 2, 0.13060994, '2022-04-23'),
(933, 2, 0.1305689, '2022-04-24'),
(934, 2, 0.12721301, '2022-04-25'),
(935, 2, 0.13213054, '2022-04-26'),
(936, 2, 0.14521848, '2022-04-27'),
(937, 2, 0.15021666, '2022-04-28'),
(938, 2, 0.17633006, '2022-04-29'),
(939, 2, 0.17212539, '2022-04-30'),
(940, 2, 0.16291024, '2022-05-01'),
(941, 2, 0.17593107, '2022-05-02'),
(942, 2, 0.17981159, '2022-05-03'),
(943, 2, 0.20021789, '2022-05-04'),
(944, 2, 0.17835319, '2022-05-05'),
(945, 2, 0.18427363, '2022-05-06'),
(946, 2, 0.18357592, '2022-05-07'),
(947, 2, 0.17282123, '2022-05-08'),
(948, 2, 0.14575336, '2022-05-09'),
(949, 2, 0.15913422, '2022-05-10'),
(950, 2, 0.13661062, '2022-05-11'),
(951, 2, 0.12888641, '2022-05-12'),
(952, 2, 0.12863829, '2022-05-13'),
(953, 2, 0.13108198, '2022-05-14'),
(954, 2, 0.1459604, '2022-05-15'),
(955, 2, 0.11553469, '2022-05-16'),
(956, 2, 0.12216723, '2022-05-17'),
(957, 2, 0.11002712, '2022-05-18'),
(958, 2, 0.10908336, '2022-05-19'),
(959, 2, 0.10903773, '2022-05-20'),
(960, 2, 0.11111042, '2022-05-21'),
(961, 2, 0.099251643, '2022-05-22'),
(962, 2, 0.082527568, '2022-05-23'),
(963, 2, 0.082415998, '2022-05-24'),
(964, 2, 0.07822874, '2022-05-25'),
(965, 2, 0.0664181, '2022-05-26'),
(966, 2, 0.063416582, '2022-05-27'),
(967, 2, 0.080561784, '2022-05-28'),
(968, 2, 0.070714795, '2022-05-29'),
(969, 2, 0.083612019, '2022-05-30'),
(970, 2, 0.080800441, '2022-05-31'),
(971, 2, 0.066883736, '2022-06-01'),
(972, 2, 0.06792271, '2022-06-02'),
(973, 2, 0.057036438, '2022-06-03'),
(974, 2, 0.056602132, '2022-06-04'),
(975, 2, 0.049846365, '2022-06-05'),
(976, 2, 0.054425362, '2022-06-06'),
(977, 2, 0.059894141, '2022-06-07'),
(978, 2, 0.054429075, '2022-06-08'),
(979, 2, 0.052440612, '2022-06-09'),
(980, 2, 0.048741608, '2022-06-10'),
(981, 2, 0.041551932, '2022-06-11'),
(982, 2, 0.03715385, '2022-06-12'),
(983, 2, 0.031731989, '2022-06-13'),
(984, 2, 0.034373795, '2022-06-14'),
(985, 2, 0.038412513, '2022-06-15'),
(986, 2, 0.032564615, '2022-06-16'),
(987, 2, 0.032527589, '2022-06-17'),
(988, 2, 0.031606761, '2022-06-18'),
(989, 2, 0.03461769, '2022-06-19'),
(990, 2, 0.038327855, '2022-06-20'),
(991, 2, 0.041558152, '2022-06-21'),
(992, 2, 0.039827799, '2022-06-22'),
(993, 2, 0.044586738, '2022-06-23'),
(994, 2, 0.048768906, '2022-06-24'),
(995, 2, 0.055948271, '2022-06-25'),
(996, 2, 0.045654184, '2022-06-26'),
(997, 2, 0.04240913, '2022-06-27'),
(998, 2, 0.037574684, '2022-06-28'),
(999, 2, 0.037606713, '2022-06-29'),
(1000, 2, 0.036795137, '2022-06-30'),
(1001, 2, 0.039400839, '2022-07-01'),
(1002, 2, 0.036958801, '2022-07-02'),
(1003, 2, 0.034290565, '2022-07-03'),
(1004, 2, 0.038101679, '2022-07-04'),
(1005, 2, 0.035111863, '2022-07-05'),
(1006, 2, 0.037873742, '2022-07-06'),
(1007, 2, 0.039102136, '2022-07-07'),
(1008, 2, 0.036712332, '2022-07-08'),
(1009, 2, 0.038370641, '2022-07-09'),
(1010, 2, 0.037137169, '2022-07-10'),
(1011, 2, 0.035418825, '2022-07-11'),
(1012, 2, 0.034690049, '2022-07-12'),
(1013, 2, 0.036745738, '2022-07-13'),
(1014, 2, 0.037536412, '2022-07-14'),
(1015, 2, 0.038017847, '2022-07-15'),
(1016, 2, 0.040233061, '2022-07-16'),
(1017, 2, 0.038128759, '2022-07-17'),
(1018, 2, 0.040261018, '2022-07-18'),
(1019, 2, 0.045032073, '2022-07-19'),
(1020, 2, 0.041586479, '2022-07-20'),
(1021, 2, 0.042084851, '2022-07-21'),
(1022, 2, 0.041838126, '2022-07-22'),
(1023, 2, 0.041409381, '2022-07-23'),
(1024, 2, 0.042831623, '2022-07-24'),
(1025, 2, 0.042892107, '2022-07-25'),
(1026, 2, 0.045072011, '2022-07-26'),
(1027, 2, 0.047516654, '2022-07-27'),
(1028, 2, 0.047901648, '2022-07-28'),
(1029, 2, 0.050147394, '2022-07-29'),
(1030, 2, 0.052530776, '2022-07-30'),
(1031, 2, 0.049141582, '2022-07-31'),
(1032, 2, 0.047894938, '2022-08-01'),
(1033, 2, 0.045719158, '2022-08-02'),
(1034, 2, 0.047684586, '2022-08-03'),
(1035, 2, 0.047715915, '2022-08-04'),
(1036, 2, 0.050565129, '2022-08-05'),
(1037, 2, 0.051251948, '2022-08-06'),
(1038, 2, 0.051410832, '2022-08-07'),
(1039, 2, 0.05322437, '2022-08-08'),
(1040, 2, 0.055158082, '2022-08-09'),
(1041, 2, 0.059646537, '2022-08-10'),
(1042, 2, 0.059712248, '2022-08-11'),
(1043, 2, 0.063796117, '2022-08-12'),
(1044, 2, 0.06748963, '2022-08-13'),
(1045, 2, 0.068206837, '2022-08-14'),
(1046, 2, 0.063237888, '2022-08-15'),
(1047, 2, 0.059388899, '2022-08-16'),
(1048, 2, 0.058297728, '2022-08-17'),
(1049, 2, 0.051489832, '2022-08-18'),
(1050, 2, 0.039160273, '2022-08-19'),
(1051, 2, 0.043257663, '2022-08-20'),
(1052, 2, 0.049255817, '2022-08-21'),
(1053, 2, 0.049159867, '2022-08-22'),
(1054, 2, 0.049933898, '2022-08-23'),
(1055, 2, 0.051083353, '2022-08-24'),
(1056, 2, 0.050896121, '2022-08-25'),
(1057, 2, 0.045890146, '2022-08-26'),
(1058, 2, 0.041992851, '2022-08-27'),
(1059, 2, 0.040035148, '2022-08-28'),
(1060, 2, 0.041925158, '2022-08-29'),
(1061, 2, 0.04076967, '2022-08-30'),
(1062, 2, 0.040335298, '2022-08-31'),
(1063, 2, 0.040402411, '2022-09-01'),
(1064, 2, 0.042379814, '2022-09-02'),
(1065, 2, 0.04289862, '2022-09-03'),
(1066, 2, 0.042702431, '2022-09-04'),
(1067, 2, 0.041988759, '2022-09-05'),
(1068, 2, 0.040188581, '2022-09-06'),
(1069, 2, 0.040755481, '2022-09-07'),
(1070, 2, 0.039155062, '2022-09-08'),
(1071, 2, 0.040004783, '2022-09-09'),
(1072, 2, 0.039355466, '2022-09-10'),
(1073, 2, 0.039513655, '2022-09-11'),
(1074, 2, 0.040602414, '2022-09-12'),
(1075, 2, 0.037022299, '2022-09-13'),
(1076, 2, 0.036754375, '2022-09-14'),
(1077, 2, 0.034492413, '2022-09-15'),
(1078, 2, 0.033892411, '2022-09-16'),
(1079, 2, 0.035045162, '2022-09-17'),
(1080, 2, 0.032664566, '2022-09-18'),
(1081, 2, 0.031790282, '2022-09-19'),
(1082, 2, 0.030714506, '2022-09-20'),
(1083, 2, 0.030756626, '2022-09-21'),
(1084, 2, 0.031608655, '2022-09-22'),
(1085, 2, 0.031747274, '2022-09-23'),
(1086, 2, 0.032884484, '2022-09-24'),
(1087, 2, 0.033433615, '2022-09-25'),
(1088, 2, 0.032895285, '2022-09-26'),
(1089, 2, 0.0332078, '2022-09-27'),
(1090, 2, 0.033788185, '2022-09-28'),
(1091, 2, 0.033584179, '2022-09-29'),
(1092, 2, 0.034267932, '2022-09-30'),
(1093, 2, 0.032860454, '2022-10-01'),
(1094, 2, 0.032221567, '2022-10-02'),
(1095, 2, 0.033572498, '2022-10-03');

-- --------------------------------------------------------

--
-- Tábla szerkezet ehhez a táblához `news`
--

CREATE TABLE `news` (
  `id` int(11) NOT NULL,
  `nameId` int(11) NOT NULL,
  `link` varchar(80) DEFAULT NULL,
  `name` varchar(40) DEFAULT NULL
) ENGINE=InnoDB DEFAULT CHARSET=utf8mb4 COLLATE=utf8mb4_general_ci;

--
-- A tábla adatainak kiíratása `news`
--

INSERT INTO `news` (`id`, `nameId`, `link`, `name`) VALUES
(0, 0, 'https://bitcoinist.com/', 'Bitcoin News'),
(1, 1, 'https://www.newsbtc.com/news/ethereum/', 'Ethereum News'),
(2, 2, 'https://hex.com/', 'Hex News');

-- --------------------------------------------------------

--
-- Tábla szerkezet ehhez a táblához `purchase`
--

CREATE TABLE `purchase` (
  `id` int(11) NOT NULL,
  `newsId` int(11) NOT NULL,
  `purchase_link` varchar(80) DEFAULT NULL,
  `name` varchar(40) DEFAULT NULL
) ENGINE=InnoDB DEFAULT CHARSET=utf8mb4 COLLATE=utf8mb4_general_ci;

--
-- A tábla adatainak kiíratása `purchase`
--

INSERT INTO `purchase` (`id`, `newsId`, `purchase_link`, `name`) VALUES
(0, 0, 'https://www.coinbase.com/buy-bitcoin', 'Bitcoin Purchase'),
(1, 1, 'https://www.coinbase.com/buy-ethereum', 'Ethereum Purchase'),
(2, 2, 'https://hex.com/buy/', 'Hex Purchase');

--
-- Indexek a kiírt táblákhoz
--

--
-- A tábla indexei `coinnames`
--
ALTER TABLE `coinnames`
  ADD PRIMARY KEY (`nameId`);

--
-- A tábla indexei `coins`
--
ALTER TABLE `coins`
  ADD PRIMARY KEY (`id`),
  ADD KEY `nameId` (`nameId`);

--
-- A tábla indexei `news`
--
ALTER TABLE `news`
  ADD PRIMARY KEY (`id`),
  ADD KEY `nameId` (`nameId`);

--
-- A tábla indexei `purchase`
--
ALTER TABLE `purchase`
  ADD PRIMARY KEY (`id`),
  ADD KEY `newsId` (`newsId`);

--
-- Megkötések a kiírt táblákhoz
--

--
-- Megkötések a táblához `coins`
--
ALTER TABLE `coins`
  ADD CONSTRAINT `coins_ibfk_1` FOREIGN KEY (`nameId`) REFERENCES `coinnames` (`nameId`);

--
-- Megkötések a táblához `news`
--
ALTER TABLE `news`
  ADD CONSTRAINT `news_ibfk_1` FOREIGN KEY (`nameId`) REFERENCES `coinnames` (`nameId`);

--
-- Megkötések a táblához `purchase`
--
ALTER TABLE `purchase`
  ADD CONSTRAINT `purchase_ibfk_1` FOREIGN KEY (`newsId`) REFERENCES `news` (`id`);
COMMIT;

/*!40101 SET CHARACTER_SET_CLIENT=@OLD_CHARACTER_SET_CLIENT */;
/*!40101 SET CHARACTER_SET_RESULTS=@OLD_CHARACTER_SET_RESULTS */;
/*!40101 SET COLLATION_CONNECTION=@OLD_COLLATION_CONNECTION */;
